operator,plain_calls_per_target_forward,verify_calls_per_target_forward,plain_ms_per_operator_call,verify_ms_per_operator_call,verify_vs_plain_forward_latency_ratio,plain_ms_per_input_row,verify_ms_per_input_row,plain_ms_per_target_forward,verify_ms_per_target_forward,ideal_speed_ratio_by_input_tokens,verify_speed_ratio_by_committed_tokens,off_ms_per_output_token,on_target_ms_per_output_token,on_draft_ms_per_output_token,on_commit_ms_per_output_token,on_all_ms_per_output_token,net_speed_ratio
MoE,40.0,40.0,4.978708215510471,23.174900020833334,4.654801811569348,199.14832862041885,174.45312192804428,199.14832862041885,926.9960008333334,1.1415578375407947,0.7877170318085928,199.14832862041885,257.0458531937173,10.520857746073299,0.0,267.5667109397906,0.7442941161138403
DenseLinear,228.50785340314135,230.0,0.05421211857028296,0.06893132612958226,1.279814303464945,12.387894842931937,2.983632677121771,12.387894842931937,15.854205009803922,4.151950385153376,2.8649989742571265,12.387894842931937,4.627553858638744,0.8589103821989529,0.0,5.486464240837697,2.257901318434639
HC,241.0,244.0,0.016632598629184682,0.028084684667309547,1.709551657264323,4.008456269633508,1.289615557195572,4.008456269633508,6.85266305882353,3.1082567570372603,2.1448118581770026,4.008456269633508,1.9743000052356021,0.0837032277486911,0.0,2.0580032329842934,1.9477405114766895
WoA,40.0,40.0,0.08516230857329843,0.11900386029411765,1.3973771059962765,3.406492342931937,0.8958224169741698,3.406492342931937,4.760154411764706,3.8026424416103444,2.6239636036204224,3.406492342931937,1.379596494764398,0.10910008376963351,0.0,1.4886965785340314,2.2882381756304047
Other,80.01570680628272,85.3529411764706,0.0126119107505071,0.024471417643004822,2.0697671291179707,1.0091509528795812,0.3930777896678967,1.0091509528795812,2.0887074705882354,2.567305961835676,1.7715358482039536,1.0091509528795812,0.590894447643979,0.10209715445026178,0.05660607591623037,0.7495976780104712,1.3462567754451933
SparseAttention,40.0,40.0,0.034290875,0.043242111274509804,1.261038432950743,1.371635,0.3255125719557196,1.371635,1.7296844509803921,4.213769661058091,2.9076565557854726,1.371635,0.4970913167539267,0.026149225130890054,0.0,0.5232405418848167,2.621423399377841
ActivationQuant,244.0,244.0,0.00425275822890739,0.005422227860816458,1.2749908574533582,1.037673007853403,0.2489823007380074,1.037673007853403,1.3230235980392158,4.167657720157782,2.8758376150166245,1.037673007853403,0.38743969109947646,0.07472944240837696,0.0,0.46216913350785344,2.245223518017069
RoPE,133.01570680628274,136.0,0.008617929996851138,0.010323146121683967,1.2247433627891555,1.14632004973822,0.2642115922509225,1.14632004973822,1.4039478725490195,4.338644038939656,2.9938244844343753,1.14632004973822,0.41298237434554974,0.03339409162303665,0.0,0.4463764659685864,2.5680566453046203
RMSNorm,84.50785340314137,86.0,0.009360195650827085,0.01139554913360693,1.2389441013353173,0.7910100418848167,0.18443128597785977,0.7910100418848167,0.980017225490196,4.288914636640197,2.9595093618144537,0.7910100418848167,0.2880505994764398,0.0475490052356021,0.0,0.33559960471204187,2.3570052848051937
Indexer,17.0,17.0,0.014099387434554975,0.03344588292964244,2.372151491324567,0.23968958638743457,0.10700214206642067,0.23968958638743457,0.5685800098039215,2.2400447482504537,1.5457135347706084,0.23968958638743457,0.15937188743455497,0.0,0.0,0.15937188743455497,1.5039640318363021
KVStoreCompress,42.50785340314136,4.0,0.007594592745411997,0.013905308823529413,0.17229273521323335,0.322829835078534,0.010467464944649448,0.322829835078534,0.05562123529411765,30.84126259659,21.281609245617453,0.322829835078534,0.0254477722513089,0.00694790837696335,0.08957273298429319,0.12196841361256544,2.6468314665796013
Engram,4.0,4.0,0.029625842931937173,0.09296763235294117,3.1380586390917657,0.11850337172774869,0.0699830147601476,0.11850337172774869,0.3718705294117647,1.6933161872762217,1.1684506532127434,0.11850337172774869,0.10357072251308899,0.0,0.0,0.10357072251308899,1.1441782856421858
DraftMarkov,0.0,0.0,,,,0.0,0.0,0.0,0.0,,,0.0,0.0,0.0834354554973822,0.0,0.0834354554973822,0.0
